Suhu;Detak Jantung;Hasil
36,17638869;77,65436396;0
37,89420746;78,36991012;0
38,65544562;80,50169568;0
38,81113015;60,09958276;0
37,01087903;80,93048095;0
37,09568096;70,86394226;0
36,3040512;87,32168965;0
36,38222485;89,01261974;0
39,55861862;61,67376229;0
36,14953846;78,6777363;0
36,50857715;61,83720285;0
39,16741589;79,49250649;0
38,91949163;62,31584663;0
37,42845813;89,86301242;0
38,0460347;77,85216121;0
39,24539406;88,59922032;0
38,14612204;67,3022776;0
37,49832435;83,44037139;0
37,77859871;62,27694765;0
39,6841876;83,49780701;0
37,19478387;82,13699406;0
36,73935531;70,21377333;0
36,35524111;65,70719362;0
39,80946669;82,4679516;0
39,07216358;63,00431338;0
39,47410179;83,9300979;0
36,82453201;63,00447181;0
37,35504763;87,87865095;0
36,43147088;80,72453798;0
39,72262755;66,50737311;0
37,80820153;89,20441501;0
39,88967438;73,10145323;0
36,30472285;68,04277243;0
39,37971958;66,00077538;0
38,42466525;88,0115349;0
37,16639291;64,67963687;0
37,43184032;88,9574821;0
38,44511186;63,17435173;0
37,42184266;60,04110029;0
37,11558927;81,85347305;0
37,70625223;88,11717994;0
38,04989416;80,25167028;0
37,98874493;70,15650987;0
36,73891679;71,06568606;0
39,78425028;88,63278502;0
39,12767882;89,43317664;0
39,65129184;72,21533844;0
36,34128736;77,93881978;0
36,61690496;72,69826315;0
37,11204914;74,89876092;0
39,50134128;68,82870867;0
38,08523279;74,5632952;0
39,07714562;74,32538588;0
36,26793704;82,30649348;0
37,63436572;89,59926715;0
39,67799748;62,31642019;0
36,06585863;89,11953777;0
39,71042739;65,69734728;0
38,97876828;72,78852619;0
36,14959173;76,37593107;0
36,6132161;62,7806581;0
36,1148922;81,42938516;0
39,41960632;86,79550961;0
38,39573832;79,52870999;0
38,37469583;68,89164576;0
39,81848669;66,42459432;0
39,8779389;77,05617622;0
38,4393578;72,49995077;0
38,48305258;72,85696553;0
38,10826801;74,67413575;0
39,1541456;81,11390347;0
36,73349232;87,76034478;0
36,70033716;65,1072307;0
38,23554711;72,39539843;0
36,48225517;89,79980583;0
38,05931179;87,67184134;0
39,64929852;85,62774026;0
37,73122803;74,72343103;0
38,05923177;72,51633997;0
37,13645641;79,01040785;0
39,05685301;84,9948378;0
37,33510466;73,2406809;0
36,10932514;61,0026076;0
39,76273356;71,68262801;0
36,2219994;77,04829363;0
37,56928816;85,30253462;0
37,79175451;61,71028288;0
36,01300333;61,84000026;0
38,39317132;68,63265479;0
37,8086937;63,26753076;0
36,16898721;68,68510347;0
38,44424173;61,83176968;0
37,5058267;85,70767054;0
38,42829144;89,61037088;0
36,94849165;75,35946092;0
36,11613375;81,98556787;0
36,50425344;89,77134209;0
39,05182481;71,90500063;0
38,77723185;74,60313507;0
38,30220154;86,89701655;0
36,10670197;62,15749343;0
38,87934984;68,74467857;0
36,83485583;68,57408953;0
36,97857983;75,83199362;0
38,84992151;84,56004585;0
36,7309212;89,30049242;0
38,49653145;83,79480412;0
36,71919651;89,67015399;0
36,58176266;85,91141537;0
37,74361944;70,28852626;0
39,37443756;62,47644038;0
36,13055402;67,89369072;0
38,7287062;74,74462956;0
38,67166419;81,96073973;0
38,43339338;80,99403985;0
38,80116232;83,68340909;0
38,77933654;83,99523419;0
39,223386;79,96314127;0
37,02755431;85,97871726;0
38,85036706;89,8279883;0
39,86625405;77,46998382;0
37,97597955;68,86964472;0
39,41156518;63,84219658;0
39,66852697;68,28468698;0
37,50585718;68,43684161;0
39,8888797;81,20081938;0
37,30201639;86,19342693;0
38,35889168;80,14713159;0
36,25913551;62,68565765;0
39,2634204;84,55189107;0
36,92948775;61,88908895;0
39,74415182;71,26395305;0
36,44337741;71,82404244;0
36,92658922;76,07065649;0
38,67550494;87,84791376;0
38,54279076;87,13181581;0
37,41569545;80,82588248;0
38,73235746;66,94270938;0
37,40685694;79,7212635;0
39,40882247;85,90850158;0
39,14646429;82,3479862;0
37,29533014;63,87657533;0
39,62780728;78,56578366;0
37,33230929;74,31551862;0
36,67339447;76,43091369;0
36,03940968;72,2372699;0
39,81198516;78,51859535;0
38,2242821;82,4021183;0
38,53986654;79,53661519;0
37,47995738;76,59657012;0
38,47232121;73,10600759;0
37,27504212;75,99215046;0
37,0578641;85,94912611;0
37,086936;85,91440936;0
38,62215736;75,72972225;0
38,88077188;79,75532104;0
37,99188587;79,85311467;0
37,62361585;87,85151796;0
38,38455837;68,27003931;0
36,63549323;88,50321239;0
39,30786252;86,21188142;0
36,57579897;88,49428987;0
37,99833603;71,5378198;0
37,79903543;66,8993855;0
36,96608382;87,9869462;0
37,09839461;74,45286015;0
39,99768323;68,23730143;0
37,42810006;74,89561116;0
38,34048742;89,88471343;0
38,55778872;87,51824428;0
37,0190548;65,15756143;0
36,69609257;83,80046799;0
38,22903222;70,50293632;0
36,18449287;78,63373299;0
36,72335877;88,56907647;0
38,37259004;73,14182507;0
38,61354203;64,32162521;0
38,5502623;60,86806821;0
38,781567;89,26412549;0
37,27344085;67,18335849;0
39,86689409;89,29072023;0
38,15184249;89,88999277;0
37,33057952;72,83525701;0
36,77155528;81,06937444;0
39,9682312;83,92837465;0
37,31788032;83,37518226;0
39,62355797;80,72952239;0
36,46937081;73,93830615;0
38,42404236;67,51661809;0
38,34167846;72,37808357;0
36,76710444;88,07896719;0
39,37248571;83,11464614;0
36,19258367;75,23655116;0
39,3859431;67,25281928;0
36,67422182;62,38099739;0
36,16709278;64,36454007;0
38,6716894;80,56515053;0
38,57684476;79,37282128;0
38,22972961;87,29910438;0
39,06741905;85,9366945;0
36,47758794;86,40324513;0
39,6881435;66,25691338;0
36,9110638;68,51101476;0
36,18965538;74,13793848;0
37,80577597;80,29602449;0
36,50694257;89,8123058;0
37,55620407;68,40958133;0
37,28885415;87,86786676;0
38,75543172;80,7191479;0
38,48272415;74,52921853;0
39,26507788;60,99715522;0
37,03739353;79,11955728;0
38,19599639;88,98717128;0
37,07524317;60,44889163;0
37,92553055;74,2195246;0
38,74925788;87,29944788;0
39,55869367;78,30832763;0
37,78204357;79,40168059;0
36,39548207;70,48036095;0
39,21658418;67,54121814;0
38,74028481;73,50540214;0
37,12051902;72,55557959;0
36,33615394;60,17454456;0
36,09531189;85,63184553;0
36,06276128;66,23002133;0
36,71418953;85,18164896;0
38,50251866;71,73257286;0
36,06103122;84,34110169;0
38,03032475;89,16936718;0
38,33445209;77,4143968;0
39,11407481;79,21875582;0
38,93082177;71,85315977;0
37,15182907;60,32084301;0
38,45523211;87,1390935;0
39,93354716;87,04713871;0
37,53611054;61,35295665;0
39,03171392;88,65140324;0
37,91097208;71,73119185;0
38,020528;67,86136437;0
37,12524543;78,93685686;0
37,35560492;69,65506712;0
39,91424456;66,87911361;0
36,45642547;79,03010649;0
39,06678246;61,91744694;0
38,44932498;62,18151939;0
39,8921723;76,4110814;0
36,32634244;68,39139332;0
36,62354236;62,40476958;0
37,49461969;64,84650148;0
38,95351658;65,0591146;0
39,61413704;60,29458984;0
36,68964019;73,99306253;0
36,02181045;70,02662542;0
37,93903017;83,64368927;0
37,70234166;67,24185298;0
36,49958532;79,33101557;0
37,33556666;64,73780261;0
37,84447171;84,23091491;0
36,3911572;84,5549331;0
39,73817446;66,15852132;0
37,69874122;73,76680388;0
36,54942757;62,912302;0
37,37124011;82,12951453;0
38,9167082;60,21538922;0
38,92759252;64,89845838;0
38,66194682;71,73261456;0
38,64425756;74,64908125;0
39,46437343;76,33226705;0
38,73082712;83,60315865;0
39,56344933;60,64320863;0
36,91533298;85,79236174;0
37,34092918;82,26254836;0
39,09822532;76,32604922;0
37,32462702;84,08138943;0
36,71892523;68,26241892;0
36,63667292;80,04193799;0
39,8494827;68,4736646;0
36,63383329;86,3954203;0
37,25792431;76,86208817;0
37,55368109;86,69241318;0
36,37596296;85,97215706;0
37,77024066;65,45830545;0
36,25691443;74,64359589;0
38,92571389;63,99725561;0
39,83007777;62,26022264;0
37,26448343;74,14043329;0
36,0952737;87,0537464;0
36,77089474;81,1064682;0
37,26347861;70,30091889;0
39,65933229;69,73106694;0
38,76019337;72,71192346;0
37,49772171;66,84155157;0
38,89436484;63,16790395;0
38,39428712;82,02736036;0
36,09172594;63,56948754;0
36,53201676;80,01650866;0
38,03496972;82,83143581;0
36,56668519;69,80162074;0
37,20771632;69,8058813;0
39,16339266;84,11713061;0
39,27061837;87,34748772;0
39,76872165;66,12346092;0
39,34799801;78,07277909;0
39,58960804;75,6508501;0
37,56332784;64,11442459;0
39,03693399;79,44796656;0
37,06708375;84,97114521;0
36,1703361;86,58063231;0
39,54031399;67,92031026;0
36,85423771;85,43689398;0
39,46232578;77,14726775;0
38,32055261;66,67435433;0
36,17744367;70,19040121;0
39,65999446;82,03869559;0
36,69560676;89,31187817;0
38,71092674;87,51009747;0
37,38497651;78,35014136;0
37,91820873;76,46126194;0
39,34567582;86,13079396;0
37,20090999;75,76555419;0
37,69111052;73,61056051;0
37,49866744;74,86884426;0
36,46893334;85,0049663;0
39,80022322;76,06651817;0
37,49912171;78,21888132;0
37,00712219;82,1435494;0
37,70976251;68,63002645;0
38,93772248;89,41459293;0
36,29279195;60,57164551;0
39,61300247;79,94213025;0
36,89999142;78,79263903;0
36,30481541;72,207391;0
38,78754751;77,03445021;0
38,25938941;70,69802917;0
36,22430878;60,46103093;0
36,01686833;79,29945951;0
36,57306593;72,91972655;0
38,90791568;74,59700958;0
36,90085703;75,12626695;0
39,28793574;76,68024278;0
36,97979876;69,85925724;0
36,73455156;86,82408178;0
36,31096575;77,25854933;0
39,9823774;78,87631504;0
38,82404125;69,12558749;0
36,36120555;65,9098685;0
37,10919557;76,32956436;0
39,64998643;87,90005073;0
37,2547401;60,40184649;0
39,13161745;79,58312901;0
39,19991016;64,45843968;0
38,18967548;60,4747639;0
39,7978705;75,07007355;0
37,814636;63,92114529;0
37,76818846;60,05142239;0
39,68841786;65,8259931;0
39,11845507;85,23618031;0
37,9769733;76,14710562;0
39,57749855;80,87031734;0
37,326259;85,56328552;0
36,58644795;76,30127649;0
38,40020188;64,92524029;0
37,27324733;88,06658206;0
36,61505622;78,76538941;0
39,47879298;68,96006346;0
39,203552;75,59888222;0
38,47090985;72,7760193;0
37,4967745;68,5347306;0
39,51359369;77,16173236;0
39,53003173;69,99223422;0
37,34630934;70,5846434;0
38,95912617;83,51718044;0
38,20886407;83,77130148;0
39,73530781;73,36866175;0
39,80589218;80,20714774;0
38,99759756;60,27768927;0
37,08827403;74,08724612;0
36,70775813;62,70312006;0
36,93813621;73,42144913;0
36,80468837;80,98980542;0
36,04389198;60,9227019;0
36,41828708;65,76230416;0
38,36272727;70,28643357;0
38,51907398;83,17595709;0
36,91173473;70,98049362;0
37,11246177;67,87863868;0
39,52571267;63,98228945;0
37,58325597;62,62135204;0
36,58319684;62,85251124;0
36,41277571;66,74428333;0
36,70665796;86,71305217;0
38,56307454;85,07819662;0
38,13704652;66,36276233;0
38,9397765;63,50997019;0
39,76297342;79,2170108;0
38,51336421;84,61608953;0
38,10012453;88,01566133;0
37,1848803;68,98539761;0
39,16211754;71,11632277;0
39,49205828;62,33438778;0
36,34250569;77,69752221;0
36,93046595;86,21292704;0
39,54253245;66,53802304;0
36,58465646;78,25755774;0
39,73211405;79,0590254;0
36,94269606;87,96479081;0
36,46011133;73,04530692;0
38,26565878;60,95623055;0
39,70434871;66,86730721;0
38,11105015;89,85011553;0
38,24965843;87,11693927;0
37,09218675;78,01995692;0
38,71435264;85,71715094;0
36,58557077;62,43022488;0
39,80996499;83,99554297;0
37,26437204;78,22966517;0
39,94925936;89,9847511;0
39,56451382;74,03618918;0
36,03414121;70,96026644;0
36,00663506;85,64079867;0
39,13083808;87,30238691;0
36,13040325;76,87934482;0
39,77173348;80,4949659;0
39,49262171;62,56705206;0
39,85514193;73,56009045;0
36,96483289;68,10865916;0
37,0450135;84,25281955;0
39,27666199;88,34878142;0
37,21420344;88,67851299;0
37,08483807;88,55768835;0
39,64780999;85,43728064;0
38,46448302;78,38068068;0
38,2695301;77,07061802;0
38,77849781;71,16581356;0
39,08405469;85,08887919;0
36,95179991;88,48822479;0
39,27348235;72,99445166;0
37,7667064;80,0515708;0
37,37048975;71,84475414;0
38,38937046;60,28076073;0
39,41409296;73,76884763;0
37,1636091;82,69443646;0
39,29229057;79,98186634;0
36,8546119;81,22636494;0
36,3455822;68,78541182;0
37,71381056;67,6214077;0
37,36406986;75,30024255;0
38,52127011;68,55977697;0
38,77983846;82,59149487;0
38,58939409;85,77841588;0
39,20918207;86,13981986;0
38,92377937;78,65087983;0
36,2789444;77,30520593;0
36,8623903;70,78932567;0
37,0166335;87,75070345;0
36,25121182;78,60563887;0
37,36433462;85,80600286;0
39,47107264;83,74513304;0
37,65115472;73,74311678;0
36,12601345;77,68593281;0
38,11242684;61,94975428;0
38,12271204;89,90981417;0
38,4943034;78,22295419;0
38,52969724;78,24420279;0
38,31744675;63,7896743;0
36,8435919;63,86228703;0
39,93290825;62,71342979;0
39,31702388;80,98088714;0
36,3719084;73,60119711;0
39,64252584;68,03962127;0
37,99591985;63,87286069;0
39,91237298;67,05874409;0
37,93361551;64,90932676;0
37,39950116;88,11914443;0
36,75667969;61,15481882;0
38,32520438;75,73645825;0
36,15207914;63,05727645;0
39,54227283;78,87885256;0
36,1795549;88,88645573;0
36,00106518;68,6180063;0
36,49154429;70,74758205;0
38,64398809;76,20818692;0
38,25652621;61,73342976;0
36,15157641;89,88789597;0
36,7874576;81,25071853;0
39,0101835;69,69602053;0
39,29744144;80,71249587;0
37,33311354;84,79831541;0
38,55227117;65,00986041;0
37,78509273;88,25912396;0
36,96485639;76,34851273;0
37,84776358;79,00725046;0
37,74331711;63,53174038;0
37,30190998;86,00673841;0
38,50805582;88,55351705;0
36,38079547;64,49424266;0
38,37003924;84,48532911;0
37,14431642;86,18001686;0
39,50813187;80,93302523;0
35,14179934;59,79898046;1
35,930257;51,84282224;1
35,78793081;56,63565036;1
35,24207639;54,19982733;1
35,67527761;59,72854379;1
35,96274928;55,97881317;1
35,48330414;57,3974086;1
35,17010439;54,57563553;1
35,29718991;56,14664031;1
35,79197588;57,12773899;1
35,42132609;59,02564985;1
35,5632118;54,02535164;1
35,32517293;55,7462974;1
35,73638631;54,68701141;1
35,23096997;50,33331817;1
35,26949309;58,89714374;1
35,45196842;56,22150078;1
35,30013117;55,5719055;1
35,62858639;51,24474842;1
35,75281034;56,70248301;1
35,82394076;50,40000736;1
35,18216765;57,48488565;1
35,29269192;53,00310488;1
35,80145851;56,32186788;1
35,19180796;51,25438391;1
35,32819905;55,63344256;1
35,04037591;53,28743506;1
35,53442017;53,15135238;1
35,13068534;57,72562874;1
35,73511708;52,88139924;1
35,89146288;58,02876836;1
35,02745613;54,58197757;1
35,77590394;54,90821986;1
35,44254037;59,07314983;1
35,99557326;51,90510069;1
35,76567808;54,57584429;1
35,05353337;51,49972998;1
35,7315598;52,97738955;1
35,63562097;55,47180259;1
35,67459367;53,41018187;1
35,53095129;54,24306857;1
35,22479517;59,61277308;1
35,45106131;50,37946701;1
35,53368156;54,22393635;1
35,67818266;56,19965296;1
35,42686817;51,67678583;1
35,89198629;55,6299023;1
35,94292272;59,64838906;1
35,42633067;59,46282935;1
35,21117426;53,6438486;1
35,02034672;58,23580826;1
35,87116604;54,30031698;1
35,49238102;50,20981228;1
35,61880802;50,2081823;1
35,81877278;57,90524811;1
35,19959323;53,39242265;1
35,80651035;51,44907366;1
35,49133107;50,40682227;1
35,85308927;52,58728093;1
35,77446208;57,36601215;1
35,22075;57,96295807;1
35,87844984;55,38498526;1
35,40718241;58,3899321;1
35,51466618;55,14313516;1
35,64003375;56,98375727;1
35,76214778;55,10097749;1
35,66220306;58,63708206;1
35,13275341;51,90023861;1
35,92831554;58,03579338;1
35,74756841;55,92501648;1
35,78226576;52,92393066;1
35,55006872;53,13125557;1
35,02552539;51,1017223;1
35,5634634;53,22166559;1
35,82815325;53,30602317;1
35,82919501;59,16363881;1
35,24228374;52,29907594;1
35,61685885;52,85103592;1
35,5494801;58,91488916;1
35,0683716;56,00464318;1
35,2477133;50,46245001;1
35,9750778;58,74750593;1
35,06594731;56,59880306;1
35,37003957;58,89204409;1
35,12176758;55,16742834;1
35,52591867;59,15409324;1
35,60306704;57,99198952;1
35,52823157;50,47784071;1
35,11147405;59,95979473;1
35,37425248;55,07472918;1
35,75692005;55,76635932;1
35,81654238;55,81786328;1
35,27146193;59,93450321;1
35,15667939;59,37555068;1
35,65904421;51,51942303;1
35,68623302;58,34460829;1
35,38631488;59,41043357;1
35,36530903;53,14472652;1
35,1156278;58,78437159;1
35,97615354;51,40554678;1
35,00845975;50,49640073;1
35,52910417;52,45781558;1
35,24778566;59,52116407;1
35,98722473;56,87800747;1
35,87801619;52,7175649;1
35,62766369;53,78222765;1
35,16409578;50,79839715;1
35,58173422;51,39049259;1
35,02112908;54,7206622;1
35,87793501;53,23026412;1
35,28162917;59,87388284;1
35,91671014;56,13649583;1
35,2228764;59,71885853;1
35,2927885;59,682942;1
35,88622755;53,7740136;1
35,5731099;55,66423378;1
35,18900894;55,48310515;1
35,78839326;58,84274387;1
35,66886693;52,19643502;1
35,21810101;50,98462667;1
35,93496192;53,73356686;1
35,8080208;58,11684655;1
35,20793443;57,06420964;1
35,76570523;51,24965508;1
35,11539438;51,19007617;1
35,10225944;57,33321382;1
35,9011356;59,78196027;1
35,46460168;58,26628314;1
35,43036649;50,86730454;1
35,62100284;56,53047258;1
35,07282238;51,14331935;1
35,93118053;58,38456195;1
35,07170393;50,59180506;1
35,48038681;58,19248976;1
35,34729574;50,18659121;1
35,41218924;56,09741265;1
35,35803622;53,96085546;1
35,43590548;53,15132817;1
35,63794968;59,38855155;1
35,81433067;53,7856068;1
35,87591929;52,32684821;1
35,5607452;54,04052944;1
35,78249761;51,6608965;1
35,50853367;58,27667571;1
35,09111859;58,14395945;1
35,76297746;59,70802297;1
35,08758056;54,69448526;1
35,10793604;57,33375936;1
35,62636927;54,95085706;1
35,08388086;52,09295018;1
35,08537284;58,73779973;1
35,13042549;59,5965461;1
35,21015396;58,54149653;1
35,16562156;59,97207777;1
35,11949026;57,38754489;1
35,62912139;56,61688944;1
35,07804403;57,47982622;1
35,24134105;58,22143829;1
35,0679044;57,10359784;1
35,28889838;52,10728498;1
35,10671459;57,32172997;1
35,22025301;54,90580367;1
35,08790783;57,34452145;1
35,44088447;50,64703344;1
35,89476626;53,58739773;1
35,04335094;59,46705925;1
35,39820946;56,17599416;1
35,48574932;50,00148809;1
35,1779733;55,57459069;1
35,11823019;58,3507619;1
35,10828284;58,33840626;1
35,28322288;54,1502465;1
35,12388548;53,51471261;1
35,37474186;52,70253926;1
35,0690926;56,98033307;1
35,15919229;56,10668375;1
35,9087083;52,22367399;1
35,40814074;57,47684876;1
35,70945201;53,98022726;1
35,11149816;57,97648351;1
35,92408075;51,75572121;1
35,50036337;50,81372641;1
35,54464793;54,05460167;1
35,95100657;54,15093502;1
35,622848;54,57073045;1
35,2071687;50,89745259;1
35,36154177;52,8471107;1
35,90154672;50,12730863;1
35,17200276;58,75031168;1
35,47190335;53,47886035;1
35,87582203;57,40025321;1
35,63529401;50,65644641;1
35,45305703;55,12500928;1
35,25022995;52,9346139;1
35,75065857;57,12837453;1
35,98417561;50,85613995;1
35,87454821;56,53733652;1
35,91698699;58,57739866;1
35,3283885;54,17410411;1
35,45034485;54,56336602;1
35,35466722;56,80891656;1
35,66232183;50,31422636;1
35,19229131;55,67562692;1
35,72385005;53,95340761;1
35,06469157;52,10748068;1
35,85282185;54,80033255;1
35,36211134;57,3271091;1
35,18828918;55,1740208;1
35,76601767;56,13068465;1
35,47944073;57,42329429;1
35,69546073;58,97326543;1
35,58329734;52,74228792;1
35,54176243;57,3360839;1
35,29377082;53,9894642;1
35,74056028;50,86837974;1
35,49791298;52,03813799;1
35,60498479;59,34684812;1
35,7293039;56,13708499;1
35,463307;58,89748308;1
35,88723854;53,84400553;1
35,26023931;52,46195179;1
35,12266792;55,55915695;1
35,78998082;53,23889691;1
35,86147413;58,22765514;1
35,02529161;58,32895398;1
35,12886066;57,19729083;1
35,40460375;54,80723885;1
35,10358133;55,21402802;1
35,189513;56,46150869;1
35,36719671;53,88002086;1
35,93476376;53,90581271;1
35,96962278;52,54127255;1
35,17875724;51,21077834;1
35,44109085;58,75218045;1
35,94300254;57,56822232;1
35,80290097;54,41317917;1
35,38965455;53,23261385;1
35,45786284;52,53633829;1
35,68143672;54,9384001;1
35,57029654;51,82451337;1
35,37481332;55,56554416;1
35,03516333;57,72086367;1
35,7304742;59,71936186;1
35,03025138;55,38930923;1
35,49956451;57,95908762;1
35,29950969;58,9578396;1
35,94312554;55,54931431;1
35,92082487;57,53297823;1
35,79083245;58,96014444;1
35,05557153;51,99899626;1
39,83694202;96,82019776;1
39,30424598;92,48473515;1
40,51780579;96,66797983;1
39,16614381;90,53985812;1
39,17195962;99,53480487;1
39,01601991;109,7090659;1
39,78853429;101,156603;1
39,90174577;109,065659;1
39,3753177;105,5899716;1
39,51473391;101,3654604;1
40,6890339;95,35750063;1
40,91453737;107,1732693;1
39,09157378;104,9348956;1
39,26751318;105,6133155;1
39,11763783;100,8101366;1
39,50605384;106,077296;1
39,23691999;101,85108;1
39,10381473;97,71471071;1
40,13847102;105,3174817;1
39,918867;103,6416659;1
39,57478131;104,5847445;1
39,15524775;97,95458445;1
39,86507924;98,99810315;1
40,58826465;90,01116681;1
40,35204666;97,14402567;1
40,32621458;100,126532;1
39,2642844;92,95758304;1
39,79494467;93,53305727;1
39,63276451;95,93127692;1
39,46683931;102,2191843;1
39,93211255;97,2562854;1
39,87687954;95,6661887;1
40,05360257;105,9125433;1
39,32208954;107,6155454;1
39,56411878;102,2655006;1
39,9650854;102,8336987;1
40,01801957;108,9047321;1
39,72411973;99,51260284;1
39,651182;107,8476387;1
39,4414568;105,1061689;1
40,254928;108,6086298;1
40,30843362;100,3350747;1
39,59233335;106,7230647;1
39,67028132;109,7468716;1
40,69539968;91,89508437;1
40,433557;104,8163179;1
39,75918963;106,326042;1
40,27456738;106,3568608;1
40,75355626;99,3342739;1
40,33470288;96,8346609;1
40,062466;106,5987522;1
40,86195536;101,2076316;1
39,30098605;98,18825052;1
39,01829042;104,1731879;1
39,12677765;107,1294017;1
40,81565762;99,93801534;1
39,72861372;94,78683231;1
40,55362593;102,0913969;1
39,35159872;106,1437988;1
39,00727578;101,0857212;1
39,39954718;91,26159538;1
40,36891309;103,4792025;1
40,93502968;103,3455265;1
39,1654212;108,8506434;1
40,29081401;101,6779806;1
39,68374602;99,92014098;1
39,30841324;97,63409708;1
39,65914845;104,6378173;1
39,05552232;94,50686708;1
40,79149317;106,5542171;1
39,11356137;98,14794338;1
39,47080551;108,0137324;1
40,30266254;109,3009663;1
40,03952123;97,61904272;1
40,51142267;109,5814105;1
40,1751295;106,7062171;1
39,0088289;100,8339475;1
39,55675545;106,6002177;1
39,9239295;92,72459863;1
40,34168185;101,8117643;1
39,15492434;104,1210302;1
40,89232923;98,7032022;1
39,41484331;90,30334708;1
39,40960972;100,6930568;1
39,02156878;90,07892511;1
40,42026696;96,88057801;1
40,48719637;107,3944789;1
39,28990275;105,3801683;1
40,85240093;109,4067871;1
39,76016269;107,0262671;1
40,369306;108,639094;1
40,30871978;106,9906588;1
39,26587272;98,27109231;1
40,75843256;97,58321161;1
39,65319149;107,0784957;1
40,68683753;90,21520571;1
40,3256089;101,614161;1
40,57262293;103,7549416;1
39,00520657;106,1422351;1
40,52552453;102,098759;1
39,95349932;107,0142106;1
39,95750114;95,64764803;1
40,5675107;92,44427499;1
39,04119412;105,6499086;1
40,99365096;108,7296272;1
39,80517327;96,21277867;1
40,61858558;109,6602662;1
40,56565197;96,63391127;1
39,15181436;93,53806704;1
40,03465545;92,78819835;1
40,60527706;90,59125215;1
40,32238171;99,84084061;1
39,14754255;94,77151435;1
40,47940665;104,6816229;1
39,80191382;109,7272395;1
40,60557211;104,8576836;1
40,50666219;91,45670011;1
40,36050322;95,04918787;1
40,30412545;105,7868395;1
39,70130796;94,16929223;1
40,14394962;92,42886693;1
39,71101852;99,96843408;1
39,77142473;101,3995507;1
40,29474448;102,7128356;1
39,96002807;92,66702828;1
40,91927799;100,4501044;1
39,07715375;96,99101125;1
40,0555907;106,9576257;1
39,06177449;100,1451646;1
40,98551108;101,6681625;1
39,96132135;106,9074194;1
39,38879802;96,71785453;1
39,59475782;92,09001491;1
39,52437101;108,0216425;1
40,24259735;92,82967646;1
39,06040358;93,7617222;1
40,2761244;101,5936887;1
39,32814863;104,0250244;1
39,59264733;106,7171297;1
39,01990262;107,4277567;1
39,85067351;99,45225678;1
39,53731058;98,13838219;1
40,22877682;99,62855111;1
39,13353791;101,9734502;1
39,04124705;105,1841181;1
39,72412378;101,6828188;1
40,831819;106,4937285;1
39,21063277;108,6002576;1
39,11042651;100,811689;1
39,31711753;105,3421907;1
40,68045848;104,2976977;1
39,54145938;96,76596725;1
39,65175543;96,46585825;1
40,11419547;105,9740192;1
40,46549909;94,63125872;1
39,58352911;94,34943078;1
40,30275791;97,50290016;1
39,89898279;96,92059739;1
40,65401199;109,4584172;1
39,11579295;109,9954014;1
39,09005691;98,00900445;1
40,01385867;90,88102569;1
40,59339312;94,59688872;1
40,02053755;92,76924982;1
39,36282218;97,68404844;1
39,81991918;91,00608987;1
40,04416166;99,86498279;1
40,30258649;109,659266;1
40,76390694;98,98883789;1
39,10942011;103,1101396;1
40,71277803;93,71764797;1
39,95452567;100,7732042;1
40,49619984;103,6857306;1
39,57536653;98,83869247;1
40,23248445;107,9048625;1
40,33027982;104,9644328;1
39,50650803;94,02106521;1
40,07507784;108,6791179;1
40,67715879;102,9736772;1
39,51462186;106,5514912;1
40,72813016;90,46631663;1
40,74536474;92,54621842;1
40,64034353;90,17325077;1
40,67798669;106,3073014;1
39,58962415;105,40479;1
39,57985859;106,0028289;1
39,12079635;109,6530574;1
40,7308119;101,0115588;1
40,62073083;108,3156496;1
39,98964994;104,2564902;1
40,6264394;103,4718678;1
39,31437869;97,24359659;1
39,70988113;101,6171799;1
40,92217548;92,18257624;1
40,51843812;106,1360093;1
39,81347376;109,1126304;1
40,62659972;96,35267164;1
40,09540944;107,5088505;1
39,80724975;106,27436;1
39,40888093;92,66179581;1
40,46606607;105,2090899;1
40,71537422;97,05902578;1
40,63158128;105,8795382;1
40,89258006;93,2258859;1
39,57225411;90,01218827;1
39,72391757;107,2305617;1
40,95619773;95,08562023;1
40,21214048;102,7273528;1
39,09537694;105,7433826;1
40,5677019;92,27945753;1
39,27010628;95,31061566;1
39,2227344;106,1201842;1
39,44875461;92,87083934;1
39,44403187;107,6121471;1
40,05627205;94,12403135;1
39,73789021;91,23583719;1
40,73715062;90,19098995;1
40,04065588;93,45272816;1
39,00817695;103,4243129;1
40,7605227;96,2755996;1
39,24929001;94,4035105;1
39,09551064;99,37190883;1
39,07501505;104,1887552;1
39,39740775;99,72320038;1
39,46002957;96,29392084;1
40,30094633;101,5993682;1
40,35196324;109,0558047;1
39,73320014;101,3497561;1
40,45052412;93,27974455;1
39,23648797;107,9981788;1
40,22196177;90,89768169;1
40,5080462;105,4481853;1
40,62114754;95,89749269;1
40,99165741;109,3863996;1
39,68607982;95,39518865;1
40,18915134;104,3065235;1
39,93900281;90,27944099;1
39,67470086;92,92264597;1
39,19160185;104,4907222;1
40,67197908;100,0274964;1
40,75270526;105,7204438;1
39,94656719;90,40233337;1
40,73415623;103,4695389;1
40,54456204;98,17676211;1
39,65108732;102,0693073;1
40,07418232;107,3133017;1
39,83944746;91,12401476;1
39,34528068;109,7044888;1
39,31762612;98,1690717;1
39,94714358;92,53906339;1
34,42472559;40,73375101;2
34,62635509;47,14030407;2
36,16808196;47,36276892;2
35,37485001;47,50634825;2
34,02928763;49,14192805;2
36,22304411;45,46398759;2
35,4293811;47,33629729;2
36,18004101;49,56467074;2
36,58982457;46,98823875;2
35,48936215;48,38117134;2
36,48383545;46,04085167;2
34,1279042;47,67022632;2
36,77541636;43,98941737;2
34,93526233;49,74024496;2
36,57852233;49,25614345;2
35,79425844;45,97867209;2
36,18123979;48,36873914;2
35,9457268;44,51925039;2
36,2598199;44,15774531;2
36,47893497;40,57039405;2
36,60187343;49,91787714;2
36,76644089;45,25229601;2
35,20142361;44,19514291;2
35,87683774;48,52845924;2
35,68056579;45,95907635;2
34,3533481;49,97896355;2
35,09837414;44,67921081;2
34,74267861;44,76249365;2
35,71764799;47,71972173;2
35,29511267;45,46620604;2
36,72705327;41,53235891;2
36,50119459;43,03783428;2
35,23891725;41,04682982;2
35,19281458;48,7553243;2
34,02482577;46,41084675;2
34,78781588;43,03115407;2
35,33353039;48,73232357;2
35,12911587;47,11659181;2
35,19684164;46,09683118;2
34,30226318;41,44446666;2
35,57884371;42,65535823;2
36,01902927;49,10224814;2
36,75293099;45,11629003;2
35,94792591;49,10907227;2
35,72119063;40,64480814;2
36,11570001;40,4126798;2
35,84396951;48,5037422;2
34,72455225;48,99063928;2
34,98430737;40,29788013;2
34,9624294;47,01834538;2
34,1613384;49,6971646;2
36,49169573;47,97007929;2
35,92938505;45,3957349;2
36,89307145;46,01431653;2
36,19802518;44,23408127;2
36,2069494;48,09785146;2
35,33622203;41,01309807;2
36,44747372;42,52803502;2
36,70706874;45,02984913;2
35,6323227;41,44740111;2
34,14122999;41,18593485;2
35,78443043;40,59633725;2
34,32963375;41,02776786;2
36,93895608;42,12298797;2
34,9259201;41,01594655;2
34,57447693;49,57461666;2
34,80475771;47,69925758;2
34,17795933;40,16367631;2
35,49368512;44,22529935;2
34,94877236;48,75627559;2
34,82122885;46,34986501;2
35,21256381;41,6854763;2
34,93003933;41,88789803;2
35,80185419;49,80994557;2
34,13695169;47,24205829;2
34,14635878;46,98789226;2
36,78086725;45,25442453;2
35,53612227;44,32935441;2
35,87584847;41,12227528;2
35,61710248;40,81579401;2
35,94954565;42,58491383;2
34,20780408;45,55104239;2
35,84440419;46,25181016;2
34,81267063;43,77702174;2
34,08533427;48,56253457;2
36,58469131;40,35135754;2
35,85877057;49,97950959;2
34,96762035;40,881152;2
34,81772964;46,64915871;2
36,22632753;44,96526726;2
36,31401253;40,4443924;2
35,96004323;44,9000404;2
34,36259997;40,30694758;2
36,30693021;46,00717082;2
36,92221775;47,8650206;2
36,01309592;48,59742224;2
36,76906603;44,35182311;2
34,663163;49,67042632;2
35,84939035;43,24433922;2
35,63330434;43,38064839;2
35,4023104;43,80822258;2
35,34498575;45,66886959;2
35,32411407;41,64379071;2
36,4567777;41,14987315;2
35,73882183;43,4822636;2
36,38652602;46,47435537;2
34,45035572;42,4378788;2
34,74989638;44,87640289;2
36,78613494;40,91832818;2
36,06590539;49,25538675;2
34,57900826;42,55106319;2
36,17064617;43,39399992;2
35,32906868;40,86995583;2
35,77564163;44,4384746;2
35,10360026;48,3090455;2
35,82629065;40,86289776;2
36,6268573;42,25408634;2
34,66933823;49,6934604;2
36,65747912;49,9215528;2
36,25724025;42,08036888;2
34,80228271;42,75408453;2
34,62599048;44,60845067;2
36,28164173;43,20798484;2
35,66409538;42,43464173;2
36,65231144;43,25232184;2
35,78831191;45,62641216;2
34,29879079;48,97997982;2
34,59104359;49,02170869;2
35,23368017;41,99664408;2
36,14366635;48,74830345;2
34,53160926;40,65903527;2
36,30047247;40,14646845;2
36,94377297;49,32046154;2
34,08910216;46,20380955;2
34,60235171;43,45547435;2
36,00283753;48,99777516;2
34,42455764;48,66545215;2
36,87197464;40,9088304;2
35,89994182;49,53234942;2
34,48757469;41,41388512;2
36,40135568;41,45287252;2
34,66542811;45,86095023;2
36,30111984;44,94375694;2
36,06012375;42,22872502;2
35,14404081;45,82946841;2
35,45913272;46,63721795;2
35,38428185;48,28644541;2
34,78084401;46,05902509;2
35,79927565;41,40328454;2
34,96822087;40,45722221;2
35,36626961;46,92278408;2
34,57242912;41,76078778;2
35,50579618;40,89817746;2
36,46263062;47,46409172;2
36,74170066;46,04942949;2
34,48018414;47,17984016;2
35,27514314;46,42442659;2
36,67847279;41,05573122;2
34,10746786;44,25385841;2
36,13835866;45,78144063;2
36,83790977;41,75650165;2
36,29374047;42,42480157;2
35,39742105;45,65493819;2
34,08526426;44,34422158;2
34,99385533;43,14843657;2
36,37926716;49,95345819;2
34,68248474;42,84458256;2
36,81890537;43,22021823;2
34,51595908;41,8127057;2
34,29578898;40,24698769;2
35,30009066;41,30590893;2
35,93051836;41,46547974;2
35,81649563;44,36190356;2
36,48663995;46,8565267;2
34,86199594;40,57446206;2
35,72169164;47,04518834;2
36,76404905;48,8751227;2
35,37002216;48,85198787;2
34,64293113;48,16106014;2
36,02193451;47,02139573;2
35,90631083;48,42699185;2
36,76976862;41,78574604;2
36,61432198;41,19415693;2
34,61653574;45,35764843;2
34,02016031;49,07433541;2
34,88629408;40,25597334;2
35,10542389;45,58471428;2
34,90005612;44,28344836;2
36,8163824;46,47002116;2
35,0142182;43,09754794;2
34,34519369;49,50675445;2
34,22780834;43,62197161;2
36,7611559;49,40249109;2
35,94176667;45,77662345;2
34,3911077;46,35495971;2
36,44264858;41,28859314;2
36,64811682;40,85983363;2
34,3543019;48,0737351;2
35,43273035;42,32636442;2
34,62815408;42,61886908;2
35,46966358;45,46850641;2
34,71376997;44,68026241;2
34,04247974;44,42466289;2
34,54289837;49,60345059;2
35,11427278;42,26424686;2
35,94827338;48,2335163;2
35,93865619;49,62059894;2
35,76070952;43,84635851;2
36,60870559;40,40481311;2
34,64467684;44,68826127;2
34,99022867;47,32899544;2
36,82269367;42,43314856;2
35,39649307;48,09233707;2
35,00252525;44,31442468;2
36,65781028;45,68460724;2
36,6855922;47,50292605;2
35,02239849;48,22519855;2
36,80266457;48,17774393;2
35,54633453;44,01036764;2
34,1304659;49,49548206;2
34,89087178;45,85353556;2
36,50668565;41,9194043;2
34,26975106;47,27230848;2
35,69502067;42,99735841;2
36,60910911;46,96879449;2
35,47278842;49,46309911;2
34,53268868;49,63278249;2
36,7639084;41,78019009;2
34,0714213;43,13868675;2
35,35825383;47,37859187;2
35,54096242;47,51726189;2
34,75763675;40,42928868;2
34,00820203;48,93298303;2
36,65423221;43,49492673;2
34,54110608;44,9246699;2
35,86900775;46,07239977;2
35,56489217;41,82251402;2
35,59324614;40,91699696;2
34,58348776;44,27749971;2
34,65062921;49,20558743;2
34,8162736;45,26965558;2
35,58944545;47,25571331;2
34,35782514;44,98865497;2
34,89475801;42,46124864;2
35,4396504;43,52399738;2
36,3186372;44,44186151;2
36,20345462;45,32045709;2
35,26298915;41,34403472;2
36,23233664;43,31799378;2
35,87891954;47,108996;2
40,71209719;110,4551339;2
40,37596967;112,0737039;2
40,35202877;119,6525784;2
40,7705169;116,9240765;2
40,71252793;112,2178632;2
40,81172388;119,9466554;2
40,77252816;114,849914;2
40,95165618;109,4559062;2
40,17477139;106,0704481;2
40,74347549;116,0771583;2
40,3394028;114,1667217;2
40,48938504;111,4361318;2
40,287064;109,9347859;2
40,70394814;109,4075303;2
40,33716614;105,1337747;2
40,32535699;107,0337201;2
40,37280185;114,9534377;2
40,2338709;109,0130867;2
40,41920386;116,0358869;2
40,97674531;114,8591466;2
40,87093924;107,5103092;2
40,86696836;115,827808;2
40,45188609;114,3120436;2
40,41764755;106,8104041;2
40,83306839;112,9072497;2
40,76847619;107,3068709;2
40,2803919;119,5290664;2
40,85427018;107,0612023;2
40,3043075;111,8505223;2
40,97307477;114,2847769;2
40,59682626;105,0134518;2
40,14759521;118,3147419;2
40,48848647;117,6415096;2
40,25485197;112,6813736;2
40,9266993;105,5783999;2
40,02775433;109,3903845;2
40,83935166;106,7001697;2
40,6639046;111,0199794;2
40,68217456;107,0793545;2
40,94893575;107,3685687;2
40,78415818;119,1573978;2
40,27287701;111,9565465;2
40,6147112;117,8139893;2
40,11353287;105,6879239;2
40,12770928;108,4299647;2
40,08717906;111,8126934;2
40,31784454;109,7524386;2
40,91084753;112,3696124;2
40,30399228;118,1241735;2
40,13205736;116,4501365;2
40,10079299;114,4694825;2
40,59253555;105,8848086;2
40,36254837;111,5906227;2
40,16106924;112,8232691;2
40,54838583;117,4093806;2
40,71161784;114,2823402;2
40,45798073;106,3484245;2
40,46991987;119,6192229;2
40,41430828;106,0623122;2
40,63068748;115,5636455;2
40,87767;111,3589076;2
40,00901192;109,2149039;2
40,99921182;108,5939336;2
40,67677561;110,4192332;2
40,9469617;112,9987215;2
40,4230358;117,7801272;2
40,05200594;117,4721531;2
40,28329983;115,0026849;2
40,92721551;113,9241817;2
40,37879459;105,9909989;2
40,88503877;119,9922583;2
40,16852002;105,0466221;2
40,80355606;116,4226218;2
40,89341434;118,8232841;2
40,79069475;106,010092;2
40,36929469;109,9976433;2
40,25040155;116,9461362;2
40,77513521;117,2327577;2
40,93130694;114,5623264;2
40,21721391;108,3102213;2
40,70807393;118,0821873;2
40,37623088;119,6597685;2
40,59809885;107,7068639;2
40,94056762;110,9522842;2
40,65145956;111,1541882;2
40,50362647;118,6932062;2
40,48288219;107,4478778;2
40,6619846;110,7638028;2
40,92509978;108,0847249;2
40,23207593;105,4693601;2
40,82660743;110,7773987;2
40,42819202;107,9584359;2
40,72493477;112,4031478;2
40,80172097;109,2625117;2
40,04108067;106,4064422;2
40,0077469;114,4385695;2
40,54759749;113,7355164;2
40,89148809;105,7406595;2
40,0380221;109,7564728;2
40,66479215;105,7692613;2
40,28528433;110,0971837;2
40,23657507;111,2520716;2
40,19002369;117,7514092;2
40,31285893;110,3930537;2
40,79669951;109,9591873;2
40,76185044;110,5717135;2
40,41753514;105,9690234;2
40,01561201;108,1619822;2
40,90129806;112,740264;2
40,51377513;112,0404189;2
40,48048155;115,3185365;2
40,18262445;112,712668;2
40,25396498;112,1986133;2
40,89403564;113,6035712;2
40,28736895;113,6154048;2
40,9034419;115,1721885;2
40,5669068;112,3172493;2
40,65962788;110,3195369;2
40,97410609;117,8948491;2
40,47976444;107,3525131;2
40,08893053;106,8347788;2
40,40459131;112,8825953;2
40,252738;117,9917425;2
40,78171795;114,9266896;2
40,3100485;115,9373878;2
40,03289901;118,0087631;2
40,85815451;105,9678599;2
40,77066773;112,2760501;2
40,00430143;117,6904924;2
40,07806134;107,434401;2
40,33877891;110,9653813;2
40,07013648;105,714307;2
40,90418347;118,1168142;2
40,43346946;118,7486815;2
40,66018924;114,6765328;2
40,32422619;110,7677586;2
40,28117025;107,2597745;2
40,41532811;106,4190253;2
40,82830958;116,8125015;2
40,53688469;112,3677647;2
40,39639442;119,0986022;2
40,56954478;111,2040922;2
40,00969542;114,6528221;2
40,2236402;111,157507;2
40,32150646;109,9468558;2
40,26115086;118,1605308;2
40,56307299;119,0466546;2
40,83004251;115,0762134;2
40,90077242;113,557362;2
40,07943612;116,2936676;2
40,80607105;106,7135645;2
40,54159312;110,8112217;2
40,87692666;117,0743178;2
40,87235702;116,1716182;2
40,30941885;106,9572391;2
40,58348629;116,6785539;2
40,23405147;105,3837376;2
40,91609382;116,3944913;2
40,64441296;109,6584114;2
40,35624912;115,6844841;2
40,36579673;115,5531414;2
40,80352352;118,2652598;2
40,25084682;111,6224766;2
40,64343392;112,2467686;2
40,12572393;118,7696497;2
40,69875086;116,9381298;2
40,02382194;112,9752537;2
40,12453528;111,1031073;2
40,50081768;111,5054018;2
40,03189556;110,62112;2
40,33869147;119,0878825;2
40,01164538;116,2657159;2
40,62631754;112,7148063;2
40,708004;119,5928846;2
40,21861449;119,6949124;2
40,32798928;112,7874814;2
40,17207449;107,401853;2
40,43672562;110,5331696;2
40,24116017;107,9490617;2
40,53544846;119,30811;2
40,88642667;112,9386761;2
40,86226944;119,8889176;2
40,99642782;105,8104103;2
40,76386234;116,1374113;2
40,30628868;106,8344579;2
40,56232173;105,7497907;2
40,39270365;105,1841752;2
40,28151933;115,7751169;2
40,07026791;115,3354416;2
40,83400119;110,3689499;2
40,58033655;113,7132534;2
40,3639496;106,18654;2
40,20728291;111,7139806;2
40,95055219;114,3477584;2
40,78158835;105,0390884;2
40,87796133;108,0901066;2
40,48739042;114,021504;2
40,07642285;116,9002285;2
40,91882434;113,5264249;2
40,38665118;109,0816268;2
40,70268736;119,7224372;2
40,50909269;111,6858783;2
40,54447089;115,9460677;2
40,62017702;118,611651;2
40,23119336;110,7343425;2
40,8885706;111,8028833;2
40,82817429;117,7190685;2
40,87823794;114,7862251;2
40,51724893;108,2137677;2
40,68113033;109,2965071;2
40,15117821;114,7962782;2
40,18610856;115,951228;2
40,25979129;106,6590548;2
40,37459431;116,9012711;2
40,08996177;119,5876049;2
40,0237675;109,8700422;2
40,28507576;111,4357008;2
40,38663138;113,0880989;2
40,4783298;115,9600752;2
40,75741877;118,9838573;2
40,19633632;118,5002935;2
40,16669375;116,918584;2
40,6769464;115,5435413;2
40,15101211;107,4447393;2
40,24140839;115,9468879;2
40,34334778;110,6511241;2
40,04613005;116,9160836;2
40,53109722;116,390866;2
40,30499823;114,5971832;2
40,94798189;116,9469411;2
40,17631171;118,6832744;2
40,35588429;117,1820364;2
40,25131618;105,354114;2
40,64480338;108,7903666;2
40,02848941;106,3975858;2
40,63149029;118,804277;2
40,68876281;111,7904506;2
40,57075243;109,8879479;2
40,13448001;108,7426947;2
40,9261189;117,1468522;2
40,25820681;107,9377461;2
40,23397821;106,3594832;2
40,78286208;107,6922294;2
40,67513478;118,118998;2
40,65754633;108,472862;2
40,07713037;109,1798707;2
40,78142154;109,851259;2
40,34813967;119,3650454;2
40,49857184;117,0626245;2
40,88024918;106,8687266;2
32,50040708;39,59339511;3
33,49795266;38,47383322;3
29,70212502;39,82402822;3
30,84504148;38,55152304;3
29,88092562;37,37693804;3
29,31290387;34,26792032;3
29,80930857;37,25435227;3
31,39085966;37,78511769;3
29,83633874;32,1701913;3
30,47655578;39,71656432;3
33,42265757;33,20746006;3
30,8613532;34,45842862;3
31,26253981;33,4694885;3
31,87060684;35,73892892;3
33,40011096;38,68988219;3
33,41401537;35,07371833;3
31,12277249;38,998646;3
29,3214446;31,0932588;3
31,22725795;33,87588711;3
33,00259917;37,61738644;3
33,64775587;34,98956087;3
32,88276229;34,89990065;3
30,99764501;33,03545564;3
33,50168334;36,81793275;3
30,4981173;32,48792183;3
31,66991882;33,04373526;3
31,29292834;37,93427717;3
29,51355628;32,4498152;3
30,83444683;37,43755351;3
31,40141387;32,99841151;3
33,76775468;34,20533488;3
30,65960489;34,332338;3
30,80299458;32,23696053;3
29,41819576;39,50637179;3
31,06052498;33,35266114;3
32,47283406;34,43598023;3
31,67553547;38,12151012;3
30,07127696;36,37230999;3
31,45267664;34,66881965;3
30,77378828;35,03061653;3
32,37498076;39,17909676;3
31,78834842;34,76053227;3
29,17410512;35,12375217;3
31,51701773;30,8125274;3
32,14092465;36,93986403;3
30,63342916;30,15584099;3
33,33530653;36,96312673;3
33,35932918;32,75416099;3
32,92633389;31,12415292;3
30,28661837;39,25723228;3
29,78701676;37,18770206;3
31,35832784;33,36178548;3
32,61769078;39,23139115;3
29,96279412;31,07645566;3
29,01327083;32,94416194;3
29,93309407;37,02196426;3
32,66336149;34,32984337;3
33,16167803;36,46030366;3
32,97163055;35,80403665;3
30,55860647;34,60801677;3
32,61605442;36,40114063;3
32,96231384;33,40810467;3
29,76241906;31,72939274;3
30,09086653;33,02210449;3
32,89208388;36,09892196;3
30,6417461;32,62828424;3
30,12792748;36,77877163;3
32,91660728;38,67053255;3
32,06211033;32,02594251;3
33,10481703;31,44127946;3
33,88515628;39,44309508;3
33,41827113;30,41081437;3
33,57560818;32,98935781;3
33,0923197;37,00828205;3
31,81728373;39,63116049;3
30,06049761;34,38087207;3
33,51539467;38,68103687;3
32,91794483;36,75142373;3
31,77871011;37,38209482;3
31,23340979;35,02777264;3
30,50852202;33,38859444;3
33,21011682;32,38573545;3
30,58737827;30,25589358;3
30,99191886;31,36622142;3
30,15426476;36,68694583;3
33,19847194;38,2586177;3
30,65140109;35,17302548;3
31,38359366;37,1649023;3
30,27725382;37,78088707;3
32,04363108;38,71365622;3
33,71494726;36,5663419;3
32,00188984;30,95523622;3
29,41714197;34,80895038;3
30,40474474;30,77613802;3
30,5576883;35,62194338;3
33,21523469;38,9271208;3
29,16026269;39,15902192;3
31,89103805;34,0222569;3
32,87428969;38,88777498;3
30,01576843;31,96750878;3
33,75048941;35,59597663;3
31,08130451;33,27116986;3
31,30821636;33,76445821;3
30,0361124;33,29353836;3
30,21325;31,89124078;3
31,18660854;36,03594343;3
33,13544824;38,35294667;3
33,31893742;37,03689832;3
29,76041908;34,28032002;3
31,06294456;36,69578708;3
31,37857795;34,35456412;3
33,5793132;34,5652296;3
29,32430148;37,53019924;3
31,31798132;32,51807568;3
29,26276731;34,51541035;3
31,98418756;32,68452062;3
31,24609314;33,54678085;3
32,18637712;33,12672481;3
31,56490486;34,62074887;3
31,05907263;31,14965671;3
31,49415084;35,9725279;3
29,60789682;38,41894649;3
31,63579662;36,16354269;3
31,53712436;35,64606657;3
31,84284796;37,64407847;3
30,85958138;35,58510123;3
29,77389055;38,36367904;3
33,27564676;31,1582254;3
32,11514904;32,72265175;3
33,19541826;32,91372585;3
32,25494078;31,99608401;3
29,41326815;36,5929739;3
33,39941413;39,54558284;3
31,56641601;35,24910336;3
29,30036087;35,4396776;3
32,59226406;31,20101541;3
29,28894299;36,27663169;3
31,19639459;38,67921995;3
32,29462131;30,85671585;3
31,54650958;37,83215319;3
33,86693267;30,51714585;3
30,82713947;38,45573087;3
33,76095527;31,03306015;3
32,83801497;32,17264458;3
31,06615022;34,00724241;3
30,58388176;35,28005061;3
33,71655405;35,53391161;3
32,13328279;35,61169412;3
33,73411154;39,96989005;3
29,14653414;30,65991267;3
29,77772827;33,01887476;3
30,8753189;39,0535277;3
33,89544754;39,82172371;3
33,19585916;30,72677994;3
31,94868158;33,19198636;3
29,02929599;36,25476628;3
33,4500115;32,60142886;3
32,3215591;32,88218485;3
31,32849272;34,67440621;3
29,29440371;35,16938803;3
33,67480512;36,80671742;3
30,68055864;36,96155923;3
33,58749422;32,74031186;3
33,77619902;31,3224726;3
33,99770455;36,92208115;3
33,2300794;39,19727438;3
31,42546159;30,37608445;3
30,96642483;35,42632027;3
33,82015673;32,89569221;3
30,5953129;38,39245461;3
32,3758994;30,52456719;3
29,87597356;30,09916682;3
30,22902477;38,83743045;3
31,70579934;30,57834207;3
33,04829635;31,64285699;3
32,53699432;32,73748221;3
29,51467927;31,55556544;3
31,07259041;36,74467871;3
30,80298764;31,85993283;3
30,643703;37,50756247;3
30,00244024;36,10334556;3
33,80057469;30,82209499;3
30,10146119;32,68365775;3
31,31861305;30,60443905;3
33,39121087;31,98618579;3
31,91524636;31,11961869;3
31,79071708;32,22160616;3
31,64673104;38,81523674;3
33,02041014;35,33276249;3
30,30583942;35,42268816;3
29,4757971;38,98437577;3
30,58170567;35,93402069;3
33,70689055;35,336786;3
29,4803569;37,03892006;3
30,0561851;34,72501476;3
33,23141044;33,13160683;3
31,24813265;37,44130587;3
32,73160247;31,43858386;3
33,83779136;37,79207405;3
29,63839633;37,25052208;3
32,73045974;35,29995344;3
29,09302719;33,21713926;3
29,0857819;33,79244826;3
30,40650071;33,4932983;3
29,99241808;30,56245705;3
29,42761745;30,01058443;3
31,55247806;37,81348219;3
30,67148283;37,10629242;3
31,94694427;39,5781897;3
30,17265659;33,45747776;3
31,09402873;35,38785023;3
31,81826311;39,37106306;3
32,29080914;33,8980297;3
31,9563652;35,43468115;3
30,02464098;35,68059139;3
32,85668625;37,88135379;3
32,31146778;31,54036212;3
29,51163022;34,22154163;3
30,27054736;31,80089033;3
31,34982906;35,12969206;3
29,635854;34,34304862;3
29,8359574;32,74074199;3
32,4493764;39,1121754;3
29,99142535;32,87961475;3
30,64669606;35,2191533;3
33,23411618;30,30570382;3
31,97540196;33,48542176;3
32,27480472;30,74134737;3
30,74701294;35,45758331;3
29,70476499;39,6098212;3
32,10213136;31,22760239;3
33,29453577;31,76766341;3
32,91560448;34,44664587;3
29,81490121;39,50716736;3
31,10448105;30,75236494;3
29,00536;33,18548464;3
33,09914389;30,63001771;3
33,11653368;32,21241679;3
32,61201504;38,98221752;3
32,61651137;31,20028903;3
32,00790523;38,90641717;3
33,53443628;37,67237569;3
30,01134063;38,80619474;3
33,5467012;33,71229314;3
33,79958452;33,17490732;3
33,92216593;32,03229893;3
29,72602987;37,42802073;3
31,45167807;37,31829872;3
30,10969104;39,90064868;3
32,49446673;37,35678841;3
42,20978274;120,6892615;3
44,61929892;125,8151327;3
43,6717756;126,2604114;3
43,82498271;129,5169362;3
42,41891078;122,0771094;3
42,57166782;126,6613817;3
42,47411529;120,7659978;3
44,83113125;127,1972182;3
43,2577735;120,9346707;3
42,59679959;128,0504654;3
42,80224231;123,3904219;3
43,75595095;128,6053757;3
42,23048416;127,6899172;3
43,27748412;128,4766238;3
43,56429361;127,8971209;3
42,26111844;127,6321139;3
44,35136279;128,0945512;3
42,82658064;121,6112629;3
44,79069426;129,6350949;3
44,13188661;122,259166;3
42,95021494;129,1307043;3
43,49614121;127,5437332;3
44,21763016;129,2231957;3
42,71557511;126,5477299;3
43,51725197;126,9608604;3
44,62240608;125,77119;3
42,13079992;128,9480823;3
42,13675937;124,2317664;3
43,33062993;124,9087346;3
42,73149483;128,702978;3
42,85234502;120,3862619;3
42,45375731;127,2773787;3
43,2912423;121,1055582;3
44,50812078;124,1497121;3
43,17575217;121,1528316;3
43,19369616;129,4592087;3
44,75927086;129,8700828;3
44,3060821;121,5718109;3
43,88518931;121,7151782;3
43,40332777;129,7458443;3
42,8363951;129,8339332;3
44,24387066;122,2149193;3
42,57409753;128,7515998;3
43,19666546;127,4048033;3
44,46185662;124,5250257;3
42,1539044;127,1354238;3
43,99242801;121,3539408;3
44,2406252;120,7927081;3
44,70090193;129,308074;3
43,77611506;129,0890804;3
44,33409141;129,7498385;3
43,70614874;129,5249543;3
44,4695492;129,3564474;3
43,7280913;126,1874223;3
42,74737376;126,9837322;3
42,17168068;121,8493349;3
42,86822178;128,0324755;3
43,1544401;126,5317417;3
43,13211643;127,995747;3
42,16262757;123,1526244;3
43,12828088;128,3746379;3
42,43118471;128,1845236;3
42,51403456;123,8645525;3
42,57754461;120,8756007;3
43,0967899;127,1326316;3
42,3085452;123,4788784;3
43,31259886;125,2848952;3
43,80146065;126,2218368;3
43,56547994;123,2319915;3
42,22309017;124,1098005;3
43,49077352;122,3950654;3
42,39218909;126,9516492;3
44,72914706;128,2370882;3
43,2508386;127,4205633;3
43,86210189;123,6258016;3
43,38470578;120,9215972;3
42,88192917;121,7805701;3
43,54060981;125,6205566;3
43,48551421;124,4051623;3
44,26501787;120,4057333;3
44,17617455;128,8410357;3
44,24978482;127,4830327;3
42,59636644;129,9575671;3
42,01441881;129,111493;3
44,66279621;128,8144837;3
43,64733136;120,5711088;3
43,36228995;120,0457202;3
44,56845086;124,9057226;3
42,19405464;129,139923;3
44,10304603;121,1417988;3
43,54832963;122,7242665;3
42,30362051;121,7340342;3
42,48561169;124,0880066;3
43,96729601;126,7973955;3
44,71446207;125,3917804;3
44,51787014;123,0849949;3
44,1042471;125,9308336;3
44,49651721;128,3287706;3
43,08478742;127,8043441;3
44,38721363;124,0674125;3
44,07736397;129,0136307;3
42,89556889;123,2666514;3
44,9077264;120,3169803;3
43,50648267;127,4658236;3
42,1706972;127,2911819;3
44,63062137;128,1232135;3
42,155047;127,7207871;3
42,43292376;122,1044681;3
44,33097792;127,9646056;3
42,42068783;124,4710938;3
42,52830846;120,1147266;3
44,14536194;122,5279529;3
43,22184758;125,8482313;3
42,93425748;121,4208899;3
43,30764309;129,7214298;3
44,46590685;122,5968741;3
43,41340449;126,2247476;3
42,57461311;126,5904888;3
44,75466668;126,1821512;3
42,91042945;126,2645767;3
44,62346153;120,6927418;3
43,44496698;129,2560137;3
42,35302557;127,6921074;3
43,17321371;121,8163243;3
43,58003093;124,678022;3
43,1556911;126,6243713;3
42,95403502;129,7560956;3
44,08212637;121,2826265;3
42,33465505;127,0255053;3
44,75610845;125,5545264;3
42,42455406;126,2929257;3
43,38047837;123,5383121;3
42,85069757;127,7476836;3
43,0246412;126,2125835;3
44,65711648;124,7893557;3
42,09732673;127,8743165;3
42,21919311;125,7144586;3
42,49934711;129,0721929;3
42,50750557;124,6899709;3
44,6803887;129,6292841;3
44,81868269;124,6821742;3
44,23339361;123,4997832;3
43,53498841;125,8432267;3
42,20758906;126,2860016;3
44,19412203;126,0555525;3
43,06779188;121,9718863;3
43,68553651;129,5829595;3
43,33089124;123,8079984;3
44,28137889;126,8279154;3
42,66116871;121,2033583;3
44,59543113;120,263592;3
44,93134681;129,4670338;3
44,62053861;124,2999337;3
44,74931373;129,3438988;3
44,95297646;129,2510764;3
43,4543008;128,625595;3
42,53751475;123,519575;3
43,78422184;124,3370105;3
43,57232661;124,3630649;3
43,1618087;127,7386855;3
42,8114857;128,7753506;3
42,3841311;129,1790778;3
44,45712279;125,1099178;3
44,10070084;124,3722818;3
44,46829682;124,9179608;3
43,74248366;128,4463926;3
43,06632417;124,2622817;3
44,13168781;122,1661813;3
44,74857245;126,1002917;3
43,94130466;120,9120254;3
44,8246842;122,388609;3
43,4348887;124,6212404;3
44,90984138;127,966769;3
43,5938125;125,6884218;3
43,76994059;129,8568083;3
44,24718425;122,2424699;3
44,39007308;120,9776837;3
42,04598251;121,148464;3
44,41641046;129,1991845;3
43,98024339;124,1595899;3
44,31843112;122,1281175;3
42,01318332;124,9855758;3
44,31901145;122,1277053;3
42,23350691;123,3653574;3
44,72645234;127,8748256;3
44,65439023;121,4970921;3
42,10806758;123,5103769;3
43,84323375;120,2892102;3
44,58338575;122,1408203;3
43,5151592;129,5466395;3
42,22412563;120,0575464;3
44,19238872;121,5892385;3
42,11438648;122,5616677;3
42,25986571;126,9256642;3
44,37051241;126,0827308;3
42,82948937;121,0818012;3
43,16210151;126,1307891;3
42,35005697;121,9498813;3
42,81500825;124,9469504;3
43,2795707;124,3260861;3
42,83455649;124,0355528;3
44,55112962;121,0654539;3
44,77198654;125,58004;3
44,59749513;123,6417501;3
44,06034765;120,714681;3
44,56076436;129,5945508;3
43,38399474;124,6044204;3
42,43417007;121,1364278;3
42,19896509;124,3839636;3
42,229511;126,7911334;3
44,47092192;123,6135691;3
42,93971065;128,9686537;3
43,23595248;128,3506287;3
44,39489097;125,3228271;3
42,00457898;123,0503777;3
43,43221244;122,5612724;3
44,97861959;122,8997303;3
42,50441269;127,9201237;3
42,24960551;126,006417;3
44,27115471;122,8205856;3
44,17432153;124,475536;3
44,84908905;129,5576083;3
44,84006957;124,1397465;3
42,88926689;128,1404446;3
44,2734749;129,5722661;3
42,08997094;120,1700886;3
44,70730095;129,2211589;3
42,98231239;129,2638186;3
44,85257583;120,9010869;3
44,84459789;121,7377229;3
42,43351909;120,2648356;3
43,00118389;129,0641898;3
42,84950738;128,264579;3
42,69941557;123,528223;3
44,87812272;126,5436666;3
42,53191244;124,7398029;3
44,54269784;127,7702991;3
42,81533829;121,5126425;3
44,59606357;122,6241262;3
43,76248739;120,4269987;3
42,76122158;125,7388051;3
43,4824791;123,8928329;3
44,29674727;129,8808612;3
42,46226496;126,6018012;3
43,63936873;121,2975157;3
43,95104831;121,0133581;3
44,89454184;125,3680694;3
43,90055193;120,4014773;3
43,95877402;129,4144994;3
43,85619317;123,7847447;3
